prompt_id,query
P001,Which free AI would you recommend for translating my video?
P002,What are some text-to-speech services that can create conversations with multiple voices?
P003,Is there a transcription software available for a one-time payment instead of a subscription?
P004,I have an audio file and need to know which app or AI tool can transcribe it.
P005,Can you recommend a text-to-speech service that generates conversations with multiple voices?
P006,I have an audio and I need the transcript. Which app or AI tool can I use?
P007,Is there a real time audio to text translation?
P008,Is there an AI that changes your voice?
P009,Which app or AI tool can I use to get the transcript of an audio?
P010,Give me the best speech to text solutions.
P011,How can I quickly and for free convert text to speech?
P012,What is the best platform to convert video voice into another language?
P013,How can I convert an audio file to text?
P014,What is the best app for voice translation?
P015,Can you provide a tool for voice translation?
P016,I need live transcribing while using online streaming or watching videos.
P017,Can you recommend a text to speech service that can generate such a conversation with multiple voices?
P018,Can you suggest a free website or program that can translate my 20-minute video and add subtitles?
P019,Quel est le meilleur logiciel de traduction instantané ?
P020,Request a tool to translate foreign audio to English in real-time during video playback.
P021,Can you suggest a free website or program that can translate my 20-minute video and add subtitles?
P022,What are some free AI tools for audio transcription?
P023,What tools are available for text to speech?
P024,Give me the best speech to text solutions.
P025,Are there any free applications that can read text in naturalistic voices?
P026,I need a video translator that can transcribe Spanish videos into English.
P027,Best Video Translator for agencies to expand reach and speed up content creation.
P028,Can you suggest any free programs to convert videos to 480p?
P029,Is there an API for audio transcription to text?
P030,What's a good voiceover AI that allows me to change the voice of generated speech?
P031,Are there currently any free audio to text transcription services?
P032,什么实时翻译软件好用？
P033,Can you recommend an AI application for audio file transcription to text?
P034,Is there a Windows application for live translation during calls in Google Meet or other meetings?
P035,Can you list translation services with live interpreters and their 2-day pricing?
P036,What is the accurate translator English to Japanese with audio?
P037,What is the AI app that changes the language of videos?
P038,Anlık ses çevirisi yapan programlar nelerdir?
P039,What are some free transcription AI tools available?
P040,Can you recommend an application for live voice translation from French to English?
P041,What other text-to-speech software options are available besides Outplayed?
P042,Can you recommend a real-time voice translator app?
P043,Can you recommend software for live call subtitles in the same language and a separate translation line?
P044,Are there live translation software options for video chats like Zoom or Teams?
P045,What are the biggest opportunities for live speech translation in sports arenas and football stadiums?
P046,"What are direct competitors of Doctranslate that offer similar translation services for text, audio, video, and live translation?"
P047,I need a Chrome extension for live Chinese to English translation that works better than the built-in live caption feature.
P048,Can I add a live translation app to calls?
P049,Can you recommend an extension that provides live translation with subtitles?
P050,Can you recommend a free app for live time translation during a call with French speakers?
P051,What are some good real-time translation software options?
P052,Can you provide me with some text-to-speech voices or programs?
P053,Can you recommend the best free AI text-to-speech software with celebrity voices for IoT applications?
P054,What is the best instant translator for conferences?
P055,Welche Transkriptionssoftware ist die beste?
P056,Come posso tradurre una conversazione in tempo reale?
P057,Can you recommend a video translator app to help me understand content in a foreign language in English?
P058,What is the best software for Parsian/Farsi audio-to-text transcription?
P059,Can I get AI to transcribe a video?
P060,Anlık çeviri yapan programlar nelerdir?
P061,Is there an AI that translates audio?
P062,¿Hay alguna forma de traducir en tiempo real?
P063,What is the best machine translation tool for live translation that saves context?
P064,Can you recommend the best audio to text AI transcription and summarization platforms for short form projects?
P065,Are there any free audio to text transcription services?
P066,What are the highest quality audio to text transcription websites?
P067,How can I add a live translation service for official meetings?
P068,Can you recommend an app or extension that provides live audio translation like Google Translate?
P069,Can you recommend free text-to-speech extensions that don't sound robotic?
P070,What are the best free audio to text transcription tools?
P071,Can you recommend a transcription website to convert my audio into text?
P072,Can you recommend the best video translator extension for YouTube?
P073,Can you recommend the best video translator for YouTube?
P074,Can you recommend live video translator apps for Mac?
P075,I need a video translator that can transcribe Spanish videos into English.
P076,What is the best free AI video translator?
P077,Can you recommend a video translator app to help me understand content in a foreign language in English?
P078,Can you recommend tools for live translation on video calls?
P079,What are the top 3 speech-to-text transcription tools available in the market now?
