run_id,query
P017_r3,text to speech service multiple voices conversation generation
P017_r3,services that can generate dialogues with multiple speakers voices text to speech
P018_r1,free website or program to translate video and add subtitles automatically
P018_r1,免费工具 翻译视频 字幕 自动 translate video subtitle free online
P018_r2,free website program to translate and add subtitles to video automatically
P018_r2,無料 video 翻訳 字幕 自動 サービス free translate subtitles video
P018_r3,free website or program to translate videos and add subtitles automatically
P018_r3,免费 翻译 视频 自动 字幕 在线 tool free translate video subtitles
P019_r1,meilleur logiciel de traduction instantanée traduction en temps réel logiciel
P019_r1,best real-time translation software instant translation tools comparison
P019_r2,meilleur logiciel de traduction instantané
P019_r2,best instant translation software comparison
P019_r3,meilleur logiciel de traduction instantanée
P019_r3,best real-time translation software comparison
P020_r1,tools to translate foreign audio to English in real time during video playback software
P020_r1,real-time audio translation for videos apps translate foreign audio to English live translation
P020_r2,tool to translate foreign audio to English in real-time during video playback
P020_r2,"software real time audio translation for video, foreign language to English"
P020_r3,tool to translate foreign audio to English in real-time during video playback
P020_r3,software real time video playback audio translation to English subtitles or dubbing
P021_r1,free website or program to translate 20-minute video and add subtitles
P021_r1,tools that auto-translate video subtitles free
P021_r2,free website or program that can translate video and add subtitles automatically
P021_r2,free tools to translate and subtitle a 20 minute video
P021_r3,free website or program that can translate video and add subtitles automatically
P021_r3,free tools to translate video and subtitle 20 minute video online free
P022_r1,free AI tools for audio transcription
P022_r1,best free speech to text transcription tools online
P022_r2,free AI tools for audio transcription
P022_r2,free audio transcription tools AI free options
P022_r3,free AI tools for audio transcription
P022_r3,best free audio transcription tools AI free speech to text
P023_r1,tools available for text to speech
P023_r1,best text to speech tools list TTS software
P023_r2,tools available for text to speech TTS software
P023_r2,text to speech tools list voices APIs apps
P023_r3,Text to speech tools available software text to speech tools
P023_r3,Best text to speech tools text to speech software TTS options
P024_r1,best speech to text solutions 2026
P024_r1,top automatic speech recognition (ASR) tools for speech to text features
P024_r2,best speech to text solutions software 2026
P024_r2,compare speech to text transcription APIs and apps
P024_r3,best speech to text solutions 2026 speech recognition software
P024_r3,top speech to text APIs and apps comparison
P025_r1,free applications that can read text aloud in natural voices
P025_r1,apps or services free text to speech with natural voices
P025_r2,free applications that can read text in naturalistic voices text to speech free apps
P025_r2,free apps with realistic voices TTS free natural sounding voices application
P025_r3,free applications that can read text in naturalistic voices text to speech free natural voices
P025_r3,free apps read aloud text natural voices free TTS apps
P026_r1,video translator that can transcribe Spanish videos into English
P026_r1,software to transcribe and translate Spanish videos to English
P026_r2,video translator that can transcribe Spanish videos into English software or apps
P026_r2,tools to translate and transcribe video Spanish to English
P026_r3,video translator that can transcribe Spanish videos into English software tool
P026_r3,tools to translate Spanish video to English transcript
P027_r1,best video translator tools for agencies to expand reach and speed up content creation
P027_r1,video translation software for agencies features and comparisons video localization translation tools
P027_r2,best video translator tools for agencies to expand reach and speed up content creation
P027_r2,video translation software for agencies subtitles dubbing AI translate video content
P027_r3,best video translator tools for agencies expand reach speed up content creation video translation
P027_r3,video translation software automatic subtitles dubbing translation tools for agencies
P028_r1,free programs to convert videos to 480p
P028_r1,free video converters that can export 480p
P028_r2,free programs to convert videos to 480p
P028_r2,best free video converters that let you change resolution to 480p
P028_r3,free programs to convert videos to 480p video converter free
P028_r3,free software video converter resize to 480p
P029_r1,API for audio transcription to text
P029_r1,audio to text transcription APIs what options exist
P029_r2,APIs for audio transcription to text list audio transcription API
P029_r2,best speech-to-text APIs audio transcription API providers
P030_r1,AI voiceover tools where you can change voice of generated speech
P030_r1,best text to speech voice changer AI tools
P030_r2,AI voiceover tools that allow you to change generated voice
P030_r2,best voiceover AI with customizable voices
P030_r3,voiceover AI that allows changing voice of generated speech AI text to speech voice changer best options
P030_r3,AI voice generator services with custom voices or voice styles
P031_r1,free audio to text transcription services current
P031_r1,無料 オーディオ テキスト 自動 文字起こし 無料 transcription services
P031_r2,free audio to text transcription services current
P031_r2,best free audio transcription tools no cost audio to text
P031_r3,free audio to text transcription services current
P031_r3,free audio to text tools online transcription no cost
P032_r1,实时翻译软件 推荐 实时翻译App
P032_r1,best real time translation apps features comparison
P032_r2,实时翻译软件 好用 实时翻译应用 推荐
P032_r2,Real-time translation apps best options features
P032_r3,实时翻译软件推荐 实时翻译 app
P032_r3,best real-time translation apps features and comparison
P033_r1,AI applications for audio transcription to text
P033_r1,best tools to transcribe audio files to text 2026
P033_r2,AI application for audio file transcription to text
P033_r2,best tools to transcribe audio to text AI transcription apps
P033_r3,AI applications for audio transcription to text best tools
P033_r3,best speech to text transcription apps AI audio to text transcription
P034_r1,Windows application live translation during calls Google Meet or other meetings
P034_r1,实时翻译 应用 Windows during video calls meet translation software Windows
P034_r2,Windows application live translation during calls Google Meet or other meetings
P034_r2,Windows app live real-time translation for video calls Teams Zoom Meet
P034_r3,Windows live translation during calls for Google Meet or other meetings Windows application live translation captions
P034_r3,Live translation app for Windows that provides real time translation in video calls Meet Zoom Teams subtitles
P035_r1,translation services with live interpreters pricing 2 day cost live interpreter service pricing
P035_r1,live interpreter translation services 2 day pricing interpreter on demand translation live interpreters cost
P035_r1,Jeenie live interpreter pricing per minute or per session Jeenie translation live interpreters cost
P035_r1,does Jeenie or similar service list pricing or 2-day event pricing live interpreters Jeenie or Boostlingo pricing
P035_r2,translation services with live interpreters and pricing 2-day rates
P035_r2,translation interpretation services live interpreters cost pricing 2 days
P035_r2,"specific translation/interpretation companies with published pricing live interpreters e.g. Day Interpreting, Interprefy pricing examples or typical event costs list"
P035_r2,"Wordly, OneAccord, and other interpretation platform pricing live interpreters pricing info"
P035_r3,translation services with live interpreters pricing 2 day rates live interpreter services
P035_r3,translation services offering live interpreters cost or pricing 2 day events interpretation services pricing
P035_r3,DayInterpreting pricing prepaid credits or costs interpretation service pricing phone interpreters DayInterpreting.com
P035_r3,Interprefy interpretation service cost example or rate for a 2-day event Interprefy pricing interpreters included pricing
P037_r1,AI app that changes the language of videos
P037_r1,apps that automatically translate video audio or change language in videos
P037_r2,AI app that changes the language of videos
P037_r2,app that automatically translates and dubs videos with AI
P037_r3,AI app that changes the language of videos
P037_r3,app to automatically dub or translate video language AI
P038_r1,Anlık ses çevirisi yapan programlar gerçek zamanlı ses çevirisi uygulamaları
P038_r1,Real time voice translation software apps real time speech translation tools
P038_r2,Anlık ses çevirisi yapan programlar neler? realtime voice translation apps
P038_r2,real-time speech translation software list real time voice translator
P038_r3,Anlık ses çevirisi yapan programlar hangileri gerçek zamanlı ses çeviri yazılım
P038_r3,Real-time speech translation software applications live voice translation
P039_r1,free transcription AI tools available
P039_r1,best free AI transcription software free tier
P039_r2,free transcription AI tools available online
P039_r2,best free AI transcription software free tier
P039_r3,free transcription AI tools
P039_r3,best free automatic transcription services AI
P040_r1,applications for live voice translation French to English
P040_r1,best live voice translator apps French to English
P040_r2,live voice translation app French to English voice translation apps
P040_r2,applications that do real-time voice translation French to English
P040_r3,application live voice translation French to English recommendation
P040_r3,best apps for live voice translation French to English
P041_r1,text-to-speech software options besides Outplayed
P041_r1,best text to speech software list text-to-speech tools
P041_r2,text-to-speech software options besides Outplayed
P041_r2,best TTS tools available alternatives text to speech software
P041_r3,text-to-speech software options besides Outplayed
P041_r3,alternatives to Outplayed text to speech tools text-to-speech software list
P042_r1,real-time voice translator apps recommendation
P042_r1,best voice translation apps real time
P042_r2,real time voice translator app recommendations
P042_r2,best apps for live voice translation
P042_r3,real-time voice translator app recommendations
P042_r3,best voice translator apps with real-time translation features
P043_r1,software live call subtitles same language plus translation line live captions translation video conferencing tools
P043_r1,リアルタイム字幕 ソフト 翻訳 ライブコール サブタイトル software live call captions translations
P043_r2,software for live call subtitles in same language and translation line conferencing live caption translation
P043_r2,real-time caption and translation software for video calls Zoom Teams Google Meet subtitles translation
P043_r3,software live call subtitles same language and separate translation line live captions translation
P043_r3,best live captioning and translation tools for video calls software real time captions with translation
P044_r1,live translation software for video chats like Zoom or Teams live translation captions interpreters
P044_r1,software that provides real-time translation in Zoom Microsoft Teams integration live translation tools
P044_r2,live translation software for video chats Zoom Teams real-time translation options
P044_r2,software or tools that provide live subtitles/translation in Zoom or Microsoft Teams
P044_r3,live translation software options for video chats Zoom Teams real time translation
P044_r3,"software that provides live translation captions or interpreting in Zoom, Microsoft Teams"
P046_r1,Doctranslate competitors text audio video live translation services
P046_r1,similar platforms to Doctranslate translation API live translate video audio text translation
P046_r2,Doctranslate competitors similar translation services text audio video live translation
P046_r2,companies offering translation services text audio video live translation competitors to Doctranslate
P046_r3,Doctranslate competitors similar translation services for text audio video live translation
P046_r3,best translation platforms offering text audio video live interpretation services alternative to Doctranslate
P047_r1,Chrome extension live Chinese to English translation
P047_r1,Best Chrome extensions for Chinese to English translation in real time
P047_r2,Chrome extension live Chinese to English translation
P047_r2,Chrome extension real-time Chinese English translation Chrome translate extension Chinese to English
P047_r3,Chrome extension live Chinese to English translation
P047_r3,Chrome plugin real-time translation Chinese to English extension Chrome
P048_r1,Can I add live translation app to phone calls live translation during calls how to do
P048_r1,ライブ通話 翻訳アプリ 通話中 翻訳 phone call live translation apps
P048_r2,add live translation to phone calls apps that translate calls live
P048_r2,リアルタイム 翻訳 通話 アプリ live translation during calls iPhone Android
P048_r3,add live translation to phone calls translate calls app iPhone Android live call translation
P048_r3,Can you have live translation during phone calls what apps support real time translation on phone call
P049_r1,browser extension live translation with subtitles live translation subtitles extension
P049_r1,Chrome extension for live translation with subtitles translation subtitles for meetings videos
P049_r2,browser extension live translation with subtitles extension
P049_r2,extension for live translation and subtitles for video/calls subtitles live translation
P049_r3,browser extension live translation with subtitles live captions translation extension
P049_r3,best extensions to provide live translation subtitles for video or calls
P050_r1,free app live real time translation during call French speakers
P050_r1,application gratuite traduction temps réel appel téléphonique traduire conversation en direct
P050_r2,free app real-time translation during a call with French speakers
P050_r2,app that translates live phone calls for free French translation
P050_r3,free app live translation during a call French speakers real time translation app
P050_r3,applications that translate live voice calls French free
P050_r3,Google Translate app live conversation translation free French English conversation mode phone
P050_r3,Microsoft Translator app real time voice conversation translation support French
P051_r1,real-time translation software options
P051_r1,real-time translation apps software for live translation
P051_r2,real-time translation software options
P051_r2,best real time translation apps and software
P051_r3,real-time translation software options
P051_r3,best real time translation tools live translation software
P052_r1,text to speech voices or programs
P052_r1,best TTS voices and programs available
P052_r2,text-to-speech voices or programs list best TTS software voices
P052_r2,text-to-speech programs with natural voices text to speech options
P052_r3,best text to speech voices or programs available
P052_r3,text-to-speech voices and programs list
P053_r1,free AI text to speech software with celebrity voices for IoT applications
P053_r1,best free TTS celebrity voices API IoT text to speech celebrity voices freeware
P053_r1,Uberduck FakeYou free celebrity TTS API for developers IoT
P053_r1,are free celebrity TTS voices allowed in applications and their limitations
P053_r2,free AI text to speech software celebrity voices free text to speech celebrity voices
P053_r2,best open source or free TTS with celebrity voices API for IoT
P053_r2,free text-to-speech API celebrity voices ElevenLabs free tier celebrity voices API IoT integration
P053_r2,open source TTS celebrity voices or voice cloning free for developers API
P053_r3,free AI text to speech software with celebrity voices for IoT applications
P053_r3,best free TTS engines celebrity voices free API IoT
P053_r3,FakeYou celebrity voice TTS API free or free tier FakeYou TTS
P053_r3,15.dev TTS celebrity voices free for use or API integration
P054_r1,best instant translator for conferences real-time translation devices or apps
P054_r1,conference simultaneous interpretation solutions instant translator devices and software
P054_r2,best instant translator devices or apps for conferences real time translation
P054_r2,instant translator for conferences features comparison best solution real-time translation
P054_r3,best instant translator for conferences real time translation devices software
P054_r3,实时 会议 同声 翻译 设备 软件 conference instant translator review
P055_r1,Transkriptionssoftware beste Transkriptionssoftware Vergleich
P055_r1,best transcription software features pricing and performance 2026
P055_r2,Beste Transkriptionssoftware Vergleich Transkription Software
P055_r2,Best transcription software tools comparison features pricing accuracy
P055_r3,beste Transkriptionssoftware Vergleich Transkriptionssoftware
P055_r3,best transcription software comparison features pricing
P057_r1,best video translator apps to translate foreign language video to English
P057_r1,apps that translate video content foreign language to English real time or subtitle translation
P057_r2,video translator app to translate foreign language video into English best apps
P057_r2,apps that translate video content into English real-time or post translation video translator tools
P057_r3,video translator apps that translate foreign language video content to English
P057_r3,apps that translate speech in videos to English translation tool video translator app
P058_r1,best software for Persian Farsi audio to text transcription Persian speech to text
P058_r1,بهترین نرم افزار تبدیل گفتار فارسی به متن Persian audio transcription software
P058_r2,best software for Persian Farsi audio to text transcription
P058_r2,بهترین نرم افزار تبدیل گفتار فارسی به متن Persian audio to text transcription tools
P058_r3,best Farsi/Farsi (Persian) audio to text transcription software
P058_r3,نرم افزار تشخیص گفتار فارسی تبدیل صدا به متن بهترین
P060_r1,anlık çeviri yapan programlar nelerdir gerçek zamanlı çeviri uygulamaları
P060_r1,real-time translation software apps translator list real-time translation tools
P060_r2,anlık çeviri yapan programlar nelerdir çeviri uygulamaları gerçek zamanlı çeviri
P060_r2,real time translation apps and programs list simultaneous translation software
P060_r3,anlık çeviri yapan programlar gerçek zamanlı çeviri uygulamaları
P060_r3,real-time translation apps software realtime translation tools
P061_r1,AI that translates audio in real time or from recordings
P061_r1,tools that take spoken language audio and output translated audio or text
P061_r2,AI that translates audio translation services
P061_r2,audio translation AI tools real time audio translator
P061_r3,AI that translates audio real time audio translation AI
P061_r3,audio to audio translation AI tools translate spoken language audio translation
P063_r1,best machine translation tool for live translation that maintains context
P063_r1,tools supporting live translation with contextual memory features
P063_r1,which live translation tools maintain conversation context or memory in translation? contextual memory in live translation
P063_r1,machine translation live translation maintaining context features translation memory or adaptive context in real-time tools
P063_r2,best machine translation tool for live translation that saves context
P063_r2,实时翻译工具 保持上下文 machine translation tool live translation context saving
P063_r3,best machine translation tool for live translation that saves context
P063_r3,real time translation tools that maintain context comparison live translation AI
P064_r1,best AI transcription and summarization platforms audio to text short form projects
P064_r1,AI transcription services with summarization features comparison
P064_r2,best AI transcription and summarization platforms for short form projects
P064_r2,AI audio to text transcription summarization tools comparison
P064_r3,best audio to text AI transcription and summarization platforms short form projects
P064_r3,AI transcription with summarization features comparison audio to text summary tools
P065_r1,free audio to text transcription services
P065_r1,best free speech to text transcription tools without cost
P065_r2,free audio to text transcription services
P065_r2,best free audio transcription tools free service audio to text
P065_r3,free audio to text transcription services
P065_r3,free audio to text transcription tools online free transcription
P066_r1,best audio to text transcription websites high quality
P066_r1,audio to text transcription services comparison accuracy features online
P066_r2,best audio to text transcription websites high quality
P066_r2,top transcription services for audio to text comparison accuracy
P066_r3,best audio to text transcription websites high quality
P066_r3,audio transcription services comparison accuracy AI human online
P067_r1,Zoom live interpretation feature simultaneous interpretation how it works
P067_r1,Microsoft Teams live translated captions supported languages meetings 2025 2026
P067_r1,KUDO remote simultaneous interpretation platform meetings government
P067_r1,Interprefy remote simultaneous interpretation platform meetings
P068_r1,apps or extensions that provide live audio translation like Google Translate
P068_r1,real-time audio translation apps alternative to Google Translate live voice translation
P068_r2,apps or extensions that provide live audio translation similar to Google Translate live translation
P068_r2,best real-time speech translation apps live translate audio
P068_r3,apps or extensions that provide live audio translation like Google Translate
P068_r3,best live audio translation apps or browser extensions for real time translation
P069_r1,free text to speech browser extensions natural voice not robotic
P069_r1,best free TTS extensions with natural voices browser extension text to speech
P069_r2,free text to speech browser extensions natural sounding voices
P069_r2,free text to speech extensions that don’t sound robotic browser add-ons
P069_r3,free text-to-speech browser extensions natural sounding voices
P069_r3,free TTS extensions that don't sound robotic Chrome Firefox free text to speech
P070_r1,best free audio to text transcription tools
P070_r1,free audio transcription software online free automatic transcription
P070_r2,best free audio to text transcription tools
P070_r2,free speech to text transcription software online free audio to text
P070_r3,best free audio to text transcription tools
P070_r3,free automatic speech to text transcription software comparison
P071_r1,best transcription websites to convert audio to text
P071_r1,audio to text transcription online services comparison
P071_r2,best transcription website to convert audio to text
P071_r2,audio to text transcription services online review
P071_r3,transcription website to convert audio to text best services
P071_r3,transcription tools online audio to text recommendation pricing accuracy
P072_r1,best video translator extension for YouTube browser extension to translate subtitles or audio
P072_r1,browser extension to translate YouTube videos subtitles recommendations
P072_r2,best video translator extension for YouTube browser extension translate subtitles
P072_r2,おすすめ YouTube video translator extension translate YouTube captions add automatic translation
P072_r3,best video translator extension for YouTube browser extension translate YouTube captions subtitles
P072_r3,video translator extension for YouTube recommend YouTube subtitle translator extension
P073_r1,best video translator for YouTube subtitles translation tools
P073_r1,YouTube video translator tools comparison YouTube auto translate services
P073_r2,video translator for YouTube best tools translate YouTube videos
P073_r2,best YouTube video translator software or services video subtitles translation
P073_r3,best video translator for YouTube translate videos subtitles tools
P073_r3,YouTube video translator tools comparison automatic translation subtitles for YouTube
P073_r3,tools to translate YouTube videos subtitles or audio translate YouTube video translator
P073_r3,best YouTube video translation tools automatic subtitle translation and dubbing for YouTube
P073_r3,best tools to translate YouTube videos subtitles automatic translate and dubbing YouTube translation tools
P073_r3,"how to translate YouTube video subtitles or audio - tools like VEED, Kapwing, Happy Scribe"
P074_r1,live video translator apps for Mac real-time translation video Mac
P074_r1,best apps for live translation on Mac video conferencing translation Mac
P074_r2,live video translator apps for Mac
P074_r2,Mac apps that translate live video or translate spoken language in video conversation Mac live translation
P074_r3,live video translator apps for Mac
P074_r3,Mac apps that translate live video in real time
P075_r1,video translator that transcribes Spanish videos to English
P075_r1,tools to translate and transcribe Spanish video into English subtitles
P075_r2,video translator that can transcribe Spanish videos to English
P075_r2,software to automatically translate Spanish video audio to English transcript
P075_r3,video translator transcribe Spanish videos into English tool
P075_r3,software/apps that transcribe Spanish video to English translation
P076_r1,best free AI video translator tools free AI video translation
P076_r1,free AI video translator comparison features supported languages
P076_r2,best free AI video translator tools free AI subtitle translator
P076_r2,best free AI video translation services translate video speech automatically free
P076_r3,best free AI video translator tools
P076_r3,free AI video translator software translate videos free
P077_r1,video translator app translate foreign language video to English
P077_r1,apps that translate video in real time translate video subtitles
P077_r2,video translator apps that translate foreign language video to English
P077_r2,apps that can translate video captions in real time or from recorded video to English
P077_r3,video translator app translate foreign language video to English
P077_r3,apps that translate spoken video to English real time or via upload video translation
P078_r1,tools for live translation on video calls
P078_r1,best live translation tools for video conferencing Skype Zoom Teams translation
P078_r2,tools for live translation on video calls real time translation video conferencing
P078_r2,real-time translation tools for Zoom Teams Skype live translation features
P078_r3,tools for live translation on video calls real time translation video conferencing
P078_r3,real time translation tools for Zoom Teams Meet interpretation features
P079_r1,top speech to text transcription tools 2025
P079_r1,best speech to text transcription software comparison
P079_r2,top speech to text transcription tools 2026
P079_r2,best speech to text transcription software comparison
P079_r3,best speech to text transcription tools 2026 comparison
P079_r3,top 3 transcription tools speech to text accuracy pricing features
